立絵_服_通常_MOB_1,MOB_1.png,0,0,180,180
立絵_裸_通常_MOB_1,MOB_1.png,0,180,180,180
立絵_服_笑顔_MOB_1,MOB_1.png,180,0,180,180
立絵_裸_笑顔_MOB_1,MOB_1.png,180,180,180,180
立絵_服_憤怒_MOB_1,MOB_1.png,360,0,180,180
立絵_裸_憤怒_MOB_1,MOB_1.png,360,180,180,180
顔絵_服_通常_MOB_1,MOB_1_顔.png,0,0,180,180
顔絵_裸_通常_MOB_1,MOB_1_顔.png,0,180,180,180
顔絵_服_笑顔_MOB_1,MOB_1_顔.png,180,0,180,180
顔絵_裸_笑顔_MOB_1,MOB_1_顔.png,180,180,180,180
顔絵_服_憤怒_MOB_1,MOB_1_顔.png,360,0,180,180
顔絵_裸_憤怒_MOB_1,MOB_1_顔.png,360,180,180,180
顔絵_照れ_MOB_1,MOB_1_顔.png,540,0,180,180

立絵_服_通常_MOB_2,MOB_2.png,0,0,180,180
立絵_裸_通常_MOB_2,MOB_2.png,0,180,180,180
立絵_服_笑顔_MOB_2,MOB_2.png,180,0,180,180
立絵_裸_笑顔_MOB_2,MOB_2.png,180,180,180,180
立絵_服_憤怒_MOB_2,MOB_2.png,360,0,180,180
立絵_裸_憤怒_MOB_2,MOB_2.png,360,180,180,180
顔絵_服_通常_MOB_2,MOB_2_顔.png,0,0,180,180
顔絵_裸_通常_MOB_2,MOB_2_顔.png,0,180,180,180
顔絵_服_笑顔_MOB_2,MOB_2_顔.png,180,0,180,180
顔絵_裸_笑顔_MOB_2,MOB_2_顔.png,180,180,180,180
顔絵_服_憤怒_MOB_2,MOB_2_顔.png,360,0,180,180
顔絵_裸_憤怒_MOB_2,MOB_2_顔.png,360,180,180,180
顔絵_照れ_MOB_2,MOB_2_顔.png,540,0,180,180

立絵_服_通常_MOB_3,MOB_3.png,0,0,180,180
立絵_裸_通常_MOB_3,MOB_3.png,0,180,180,180
立絵_服_笑顔_MOB_3,MOB_3.png,180,0,180,180
立絵_裸_笑顔_MOB_3,MOB_3.png,180,180,180,180
立絵_服_憤怒_MOB_3,MOB_3.png,360,0,180,180
立絵_裸_憤怒_MOB_3,MOB_3.png,360,180,180,180
顔絵_服_通常_MOB_3,MOB_3_顔.png,0,0,180,180
顔絵_裸_通常_MOB_3,MOB_3_顔.png,0,180,180,180
顔絵_服_笑顔_MOB_3,MOB_3_顔.png,180,0,180,180
顔絵_裸_笑顔_MOB_3,MOB_3_顔.png,180,180,180,180
顔絵_服_憤怒_MOB_3,MOB_3_顔.png,360,0,180,180
顔絵_裸_憤怒_MOB_3,MOB_3_顔.png,360,180,180,180
顔絵_照れ_MOB_3,MOB_3_顔.png,540,0,180,180

立絵_服_通常_MOB_4,MOB_4.png,0,0,180,180
立絵_裸_通常_MOB_4,MOB_4.png,0,180,180,180
立絵_服_笑顔_MOB_4,MOB_4.png,180,0,180,180
立絵_裸_笑顔_MOB_4,MOB_4.png,180,180,180,180
立絵_服_憤怒_MOB_4,MOB_4.png,360,0,180,180
立絵_裸_憤怒_MOB_4,MOB_4.png,360,180,180,180
顔絵_服_通常_MOB_4,MOB_4_顔.png,0,0,180,180
顔絵_裸_通常_MOB_4,MOB_4_顔.png,0,180,180,180
顔絵_服_笑顔_MOB_4,MOB_4_顔.png,180,0,180,180
顔絵_裸_笑顔_MOB_4,MOB_4_顔.png,180,180,180,180
顔絵_服_憤怒_MOB_4,MOB_4_顔.png,360,0,180,180
顔絵_裸_憤怒_MOB_4,MOB_4_顔.png,360,180,180,180
顔絵_照れ_MOB_4,MOB_4_顔.png,540,0,180,180

立絵_服_通常_MOB_5,MOB_5.png,0,0,180,180
立絵_裸_通常_MOB_5,MOB_5.png,0,180,180,180
立絵_服_笑顔_MOB_5,MOB_5.png,180,0,180,180
立絵_裸_笑顔_MOB_5,MOB_5.png,180,180,180,180
立絵_服_憤怒_MOB_5,MOB_5.png,360,0,180,180
立絵_裸_憤怒_MOB_5,MOB_5.png,360,180,180,180
顔絵_服_通常_MOB_5,MOB_5_顔.png,0,0,180,180
顔絵_裸_通常_MOB_5,MOB_5_顔.png,0,180,180,180
顔絵_服_笑顔_MOB_5,MOB_5_顔.png,180,0,180,180
顔絵_裸_笑顔_MOB_5,MOB_5_顔.png,180,180,180,180
顔絵_服_憤怒_MOB_5,MOB_5_顔.png,360,0,180,180
顔絵_裸_憤怒_MOB_5,MOB_5_顔.png,360,180,180,180

立絵_服_通常_MOB_6,MOB_6.png,0,0,180,180
立絵_裸_通常_MOB_6,MOB_6.png,0,180,180,180
立絵_服_笑顔_MOB_6,MOB_6.png,180,0,180,180
立絵_裸_笑顔_MOB_6,MOB_6.png,180,180,180,180
立絵_服_憤怒_MOB_6,MOB_6.png,360,0,180,180
立絵_裸_憤怒_MOB_6,MOB_6.png,360,180,180,180
顔絵_服_通常_MOB_6,MOB_6_顔.png,0,0,180,180
顔絵_裸_通常_MOB_6,MOB_6_顔.png,0,180,180,180
顔絵_服_笑顔_MOB_6,MOB_6_顔.png,180,0,180,180
顔絵_裸_笑顔_MOB_6,MOB_6_顔.png,180,180,180,180
顔絵_服_憤怒_MOB_6,MOB_6_顔.png,360,0,180,180
顔絵_裸_憤怒_MOB_6,MOB_6_顔.png,360,180,180,180

立絵_服_通常_MOB_7,MOB_7.png,0,0,180,180
立絵_裸_通常_MOB_7,MOB_7.png,0,180,180,180
立絵_服_笑顔_MOB_7,MOB_7.png,180,0,180,180
立絵_裸_笑顔_MOB_7,MOB_7.png,180,180,180,180
立絵_服_憤怒_MOB_7,MOB_7.png,360,0,180,180
立絵_裸_憤怒_MOB_7,MOB_7.png,360,180,180,180
顔絵_服_通常_MOB_7,MOB_7_顔.png,0,0,180,180
顔絵_裸_通常_MOB_7,MOB_7_顔.png,0,180,180,180
顔絵_服_笑顔_MOB_7,MOB_7_顔.png,180,0,180,180
顔絵_裸_笑顔_MOB_7,MOB_7_顔.png,180,180,180,180
顔絵_服_憤怒_MOB_7,MOB_7_顔.png,360,0,180,180
顔絵_裸_憤怒_MOB_7,MOB_7_顔.png,360,180,180,180

立絵_服_通常_MOB_8,MOB_8.png,0,0,180,180
立絵_裸_通常_MOB_8,MOB_8.png,0,180,180,180
立絵_服_笑顔_MOB_8,MOB_8.png,180,0,180,180
立絵_裸_笑顔_MOB_8,MOB_8.png,180,180,180,180
立絵_服_憤怒_MOB_8,MOB_8.png,360,0,180,180
立絵_裸_憤怒_MOB_8,MOB_8.png,360,180,180,180
顔絵_服_通常_MOB_8,MOB_8_顔.png,0,0,180,180
顔絵_裸_通常_MOB_8,MOB_8_顔.png,0,180,180,180
顔絵_服_笑顔_MOB_8,MOB_8_顔.png,180,0,180,180
顔絵_裸_笑顔_MOB_8,MOB_8_顔.png,180,180,180,180
顔絵_服_憤怒_MOB_8,MOB_8_顔.png,360,0,180,180
顔絵_裸_憤怒_MOB_8,MOB_8_顔.png,360,180,180,180

立絵_服_通常_MOB_9,MOB_9.png,0,0,180,180
立絵_裸_通常_MOB_9,MOB_9.png,0,180,180,180
立絵_服_笑顔_MOB_9,MOB_9.png,180,0,180,180
立絵_裸_笑顔_MOB_9,MOB_9.png,180,180,180,180
立絵_服_憤怒_MOB_9,MOB_9.png,360,0,180,180
立絵_裸_憤怒_MOB_9,MOB_9.png,360,180,180,180
顔絵_服_通常_MOB_9,MOB_9_顔.png,0,0,180,180
顔絵_裸_通常_MOB_9,MOB_9_顔.png,0,180,180,180
顔絵_服_笑顔_MOB_9,MOB_9_顔.png,180,0,180,180
顔絵_裸_笑顔_MOB_9,MOB_9_顔.png,180,180,180,180
顔絵_服_憤怒_MOB_9,MOB_9_顔.png,360,0,180,180
顔絵_裸_憤怒_MOB_9,MOB_9_顔.png,360,180,180,180

立絵_服_通常_MOB_10,MOB_10.png,0,0,180,180
立絵_裸_通常_MOB_10,MOB_10.png,0,180,180,180
立絵_服_笑顔_MOB_10,MOB_10.png,180,0,180,180
立絵_裸_笑顔_MOB_10,MOB_10.png,180,180,180,180
立絵_服_憤怒_MOB_10,MOB_10.png,360,0,180,180
立絵_裸_憤怒_MOB_10,MOB_10.png,360,180,180,180
顔絵_服_通常_MOB_10,MOB_10_顔.png,0,0,180,180
顔絵_裸_通常_MOB_10,MOB_10_顔.png,0,180,180,180
顔絵_服_笑顔_MOB_10,MOB_10_顔.png,180,0,180,180
顔絵_裸_笑顔_MOB_10,MOB_10_顔.png,180,180,180,180
顔絵_服_憤怒_MOB_10,MOB_10_顔.png,360,0,180,180
顔絵_裸_憤怒_MOB_10,MOB_10_顔.png,360,180,180,180

立絵_服_通常_MOB_11,MOB_11.png,0,0,180,180
立絵_裸_通常_MOB_11,MOB_11.png,0,180,180,180
立絵_服_笑顔_MOB_11,MOB_11.png,180,0,180,180
立絵_裸_笑顔_MOB_11,MOB_11.png,180,180,180,180
立絵_服_憤怒_MOB_11,MOB_11.png,360,0,180,180
立絵_裸_憤怒_MOB_11,MOB_11.png,360,180,180,180
顔絵_服_通常_MOB_11,MOB_11_顔.png,0,0,180,180
顔絵_裸_通常_MOB_11,MOB_11_顔.png,0,180,180,180
顔絵_服_笑顔_MOB_11,MOB_11_顔.png,180,0,180,180
顔絵_裸_笑顔_MOB_11,MOB_11_顔.png,180,180,180,180
顔絵_服_憤怒_MOB_11,MOB_11_顔.png,360,0,180,180
顔絵_裸_憤怒_MOB_11,MOB_11_顔.png,360,180,180,180

立絵_服_通常_MOB_20,MOB_20.png,0,0,180,180
立絵_裸_通常_MOB_20,MOB_20.png,0,180,180,180
立絵_服_笑顔_MOB_20,MOB_20.png,180,0,180,180
立絵_裸_笑顔_MOB_20,MOB_20.png,180,180,180,180
立絵_服_憤怒_MOB_20,MOB_20.png,360,0,180,180
立絵_裸_憤怒_MOB_20,MOB_20.png,360,180,180,180

立絵_服_通常_MOB_40,MOB_因幡_1.png,0,0,180,180
立絵_服_笑顔_MOB_40,MOB_因幡_1.png,180,0,180,180
立絵_服_憤怒_MOB_40,MOB_因幡_1.png,360,0,180,180
立絵_服_赤面_MOB_40,MOB_因幡_1.png,540,0,180,180
立絵_服_LOVE_MOB_40,MOB_因幡_1.png,720,0,180,180

立絵_服_通常_MOB_41,MOB_因幡_2.png,0,0,180,180
立絵_服_笑顔_MOB_41,MOB_因幡_2.png,180,0,180,180
立絵_服_憤怒_MOB_41,MOB_因幡_2.png,360,0,180,180
立絵_服_赤面_MOB_41,MOB_因幡_2.png,540,0,180,180
立絵_服_LOVE_MOB_41,MOB_因幡_2.png,720,0,180,180